{"cameraMode":{"drawMode":0,"name":"Shaded","section":"Shading Mode"},"sceneLighting":true,"audioPlay":false,"sceneViewState":{"m_AlwaysRefresh":false,"showFog":true,"showSkybox":true,"showFlares":true,"showImageEffects":true,"showParticleSystems":true,"showVisualEffectGraphs":true,"m_FxEnabled":true},"in2DMode":false,"pivot":{"x":-0.40342774987220766,"y":-22.6604061126709,"z":72.74091339111328},"rotation":{"x":-0.15883730351924897,"y":0.08120246976613999,"z":-0.013109369203448296,"w":-0.9838744401931763},"size":40.15240478515625,"orthographic":false}